Wall time,Step,Value
1742515243.0436583,1,0.9915447235107422
1742515361.3095663,2,0.9939635992050171
1742515479.5256388,3,0.9952272176742554
1742515598.240389,4,0.995451033115387
1742515716.8647132,5,0.9958264827728271
1742515835.4283354,6,0.9960792064666748
1742515954.3848515,7,0.9961369633674622
1742516072.9928749,8,0.9961514472961426
1742516191.6853125,9,0.9962885975837708
1742516310.5312753,10,0.9963391423225403
1742516429.5082042,11,0.9965196847915649
1742516547.9682555,12,0.9964763522148132
1742516667.3275352,13,0.9965196847915649
1742516786.606356,14,0.9966063499450684
1742516905.1019397,15,0.9965990781784058
1742517023.8409226,16,0.9967724084854126
1742517142.574309,17,0.9966713190078735
1742517261.385227,18,0.9966857433319092
1742517380.7917168,19,0.996859073638916
1742517499.5484672,20,0.9966135621070862
1742517618.3072557,21,0.9969456791877747
1742517737.061163,22,0.9968734979629517
1742517855.794253,23,0.9969168305397034
1742517975.6100996,24,0.9968229532241821
1742518094.713475,25,0.9967868328094482
1742518213.583929,26,0.9969890117645264
1742518332.90668,27,0.996859073638916
1742518451.8938818,28,0.9967724084854126
1742518570.3421829,29,0.9968518018722534
1742518689.6252072,30,0.9967724084854126
1742518808.7510664,31,0.996859073638916
1742518927.7952163,32,0.9969384670257568
1742519046.5000186,33,0.9969962239265442
1742519165.7466836,34,0.9969456791877747
1742519284.5251613,35,0.9968879222869873
1742519403.9748144,36,0.9969456791877747
1742519522.6841311,37,0.9969240427017212
1742519641.8361142,38,0.9969384670257568
1742519761.0080018,39,0.996931254863739
1742519880.2003474,40,0.9968301653862
1742519999.4923232,41,0.9968229532241821
1742520118.6455488,42,0.9970612525939941
1742520237.3230722,43,0.9969673752784729
1742520356.5837321,44,0.996902346611023
1742520475.3102937,45,0.996859073638916
1742520595.1341844,46,0.9969673752784729
1742520713.7955463,47,0.9969890117645264
1742520832.9244728,48,0.9968157410621643
1742520951.9413211,49,0.997068464756012
1742521071.073278,50,0.997003436088562
