Wall time,Step,Value
1742515296.022754,1,0.9933498501777649
1742515414.3272395,2,0.9949889183044434
1742515533.111358,3,0.9960214495658875
1742515651.3441708,4,0.996382474899292
1742515770.2149878,5,0.996483564376831
1742515888.6758602,6,0.9968807101249695
1742516007.6469564,7,0.9968879222869873
1742516126.5494084,8,0.9970467686653137
1742516245.0747156,9,0.9971262216567993
1742516364.2070074,10,0.997068464756012
1742516482.823108,11,0.9971911907196045
1742516601.1805942,12,0.9972561597824097
1742516720.9716575,13,0.9972922801971436
1742516840.1291907,14,0.9972994923591614
1742516958.3051088,15,0.9974367022514343
1742517077.2550118,16,0.9974294900894165
1742517195.8583653,17,0.997313916683197
1742517315.3529615,18,0.9973284006118774
1742517434.233123,19,0.9973284006118774
1742517552.9448416,20,0.99745112657547
1742517671.783344,21,0.99745112657547
1742517790.3298128,22,0.9975811243057251
1742517909.2699826,23,0.9973067045211792
1742518029.264483,24,0.9973572492599487
1742518148.3258042,25,0.9976460933685303
1742518267.16062,26,0.9975666403770447
1742518386.3460677,27,0.9976750016212463
1742518505.211588,28,0.9975883364677429
1742518623.6621902,29,0.9976099729537964
1742518743.3508182,30,0.9975160956382751
1742518862.5394092,31,0.9975666403770447
1742518981.218778,32,0.9977182745933533
1742519100.189684,33,0.9975377917289734
1742519219.3020387,34,0.9976388812065125
1742519338.6381788,35,0.9975594282150269
1742519457.5063796,36,0.9975088834762573
1742519576.3640404,37,0.9974294900894165
1742519695.4355893,38,0.9975377917289734
1742519814.571302,39,0.9975450038909912
1742519934.1646938,40,0.9974728226661682
1742520053.1950827,41,0.9977182745933533
1742520172.0699978,42,0.9975811243057251
1742520291.0737023,43,0.9974944591522217
1742520409.9562569,44,0.9975160956382751
1742520529.0367246,45,0.9977688193321228
1742520648.7136548,46,0.9975016713142395
1742520767.3161488,47,0.9976316690444946
1742520886.5825412,48,0.9975377917289734
1742521005.4468997,49,0.9976388812065125
1742521124.8437326,50,0.9975305795669556
