Wall time,Step,Value
1742515243.0436008,1,0.8185328841209412
1742515361.3094974,2,0.8509795665740967
1742515479.5255623,3,0.8605800867080688
1742515598.240341,4,0.8741748332977295
1742515716.8646712,5,0.8811892867088318
1742515835.428288,6,0.8850477337837219
1742515954.384795,7,0.8902771472930908
1742516072.9928231,8,0.8943781852722168
1742516191.6852608,9,0.8959189057350159
1742516310.5312295,10,0.8980421423912048
1742516429.5081618,11,0.9009997844696045
1742516547.968188,12,0.9029881954193115
1742516667.3274596,13,0.9060884714126587
1742516786.6062942,14,0.9069346785545349
1742516905.1018884,15,0.9071454405784607
1742517023.8408642,16,0.908392608165741
1742517142.5742671,17,0.9097871780395508
1742517261.3851798,18,0.9097573161125183
1742517380.7916577,19,0.9114278554916382
1742517499.5484154,20,0.9105833172798157
1742517618.3072133,21,0.911486804485321
1742517737.0611193,22,0.911779522895813
1742517855.7942116,23,0.9134382605552673
1742517975.6100502,24,0.9133020639419556
1742518094.7134352,25,0.9143531322479248
1742518213.5838773,26,0.9136905670166016
1742518332.9066122,27,0.9131717085838318
1742518451.8938231,28,0.9137898087501526
1742518570.34213,29,0.9150668382644653
1742518689.6251547,30,0.914645254611969
1742518808.7510247,31,0.9149585962295532
1742518927.7951608,32,0.9144401550292969
1742519046.4999695,33,0.9149612188339233
1742519165.7466233,34,0.9154088497161865
1742519284.5251088,35,0.915856122970581
1742519403.974772,36,0.9160332083702087
1742519522.6840684,37,0.9173657894134521
1742519641.8360643,38,0.9165015816688538
1742519761.007956,39,0.916933000087738
1742519880.2002814,40,0.9175333380699158
1742519999.4922738,41,0.9159387946128845
1742520118.645462,42,0.917915403842926
1742520237.3230188,43,0.9176546931266785
1742520356.5836835,44,0.9169280529022217
1742520475.3102515,45,0.9177217483520508
1742520595.134137,46,0.917451798915863
1742520713.795484,47,0.9175929427146912
1742520832.924406,48,0.9180031418800354
1742520951.9412518,49,0.9179196357727051
1742521071.0732234,50,0.918214738368988
