Wall time,Step,Value
1742515296.0226853,1,0.8279296159744263
1742515414.3271978,2,0.8589397072792053
1742515533.1112766,3,0.8683158755302429
1742515651.3440971,4,0.8819542527198792
1742515770.2149472,5,0.8895813822746277
1742515888.6758113,6,0.8942252993583679
1742516007.6469097,7,0.8987090587615967
1742516126.5493593,8,0.9022235870361328
1742516245.0746567,9,0.9047913551330566
1742516364.2069461,10,0.906720757484436
1742516482.8230414,11,0.9096532464027405
1742516601.1805437,12,0.9118354320526123
1742516720.9716017,13,0.9148194193840027
1742516840.1291368,14,0.9158746600151062
1742516958.3050606,15,0.915549099445343
1742517077.2549562,16,0.9167726635932922
1742517195.8583248,17,0.9181504845619202
1742517315.3529232,18,0.9194455742835999
1742517434.2330678,19,0.9195016026496887
1742517552.9447923,20,0.9190773367881775
1742517671.7832856,21,0.9199215173721313
1742517790.3297477,22,0.9203259944915771
1742517909.2699401,23,0.9217657446861267
1742518029.2644224,24,0.921311616897583
1742518148.3257422,25,0.9224834442138672
1742518267.160551,26,0.9220230579376221
1742518386.3460066,27,0.9222458600997925
1742518505.2115357,28,0.9236035943031311
1742518623.6621382,29,0.9236633777618408
1742518743.3507628,30,0.9236303567886353
1742518862.539367,31,0.9236171841621399
1742518981.218719,32,0.9232510328292847
1742519100.189596,33,0.9237735867500305
1742519219.302,34,0.9247113466262817
1742519338.6381354,35,0.9242697358131409
1742519457.506335,36,0.9246014356613159
1742519576.3639803,37,0.9254045486450195
1742519695.435526,38,0.9248772859573364
1742519814.57126,39,0.9247405529022217
1742519934.1646545,40,0.9260156154632568
1742520053.1950293,41,0.9248939752578735
1742520172.0699415,42,0.925971269607544
1742520291.073656,43,0.9257733821868896
1742520409.956214,44,0.9259785413742065
1742520529.0366864,45,0.9264445900917053
1742520648.7135825,46,0.926392674446106
1742520767.3160956,47,0.9266511797904968
1742520886.582477,48,0.9265100359916687
1742521005.4468508,49,0.9261070489883423
1742521124.843693,50,0.9264105558395386
